mode,epoch,step,ce,l_over,l_under,r_hedge,tcl_total,n_volatile,pred_confident_frac,c_hat_grad_norm
broken,0,0,8.421815872192383,0.009999998845160007,0.0612499974668026,0.0,8.457441329956055,4,0.25,0.0
broken,0,1,6.254025936126709,0.04500000178813934,0.019999997690320015,0.004049539566040039,6.287740707397461,4,0.0,0.0
broken,0,2,6.197334289550781,0.0,0.02250000089406967,0.0008692741394042969,6.208845138549805,4,0.0,0.0
broken,0,3,5.544049263000488,0.0,0.1666666716337204,0.0004209280014038086,5.627509117126465,3,0.0,0.0
broken,0,4,5.211219310760498,0.0,0.5724999904632568,0.0008013248443603516,5.49770975112915,4,0.0,0.0
broken,0,5,4.340153217315674,0.0833333358168602,0.040833331644535065,0.0014605522155761719,4.402674674987793,3,0.75,0.0
broken,0,6,4.6099348068237305,0.125,0.0,0.0030736923217773438,4.673357009887695,4,1.0,0.0
broken,0,7,3.9795100688934326,0.0625,0.0,0.006371855735778809,4.01267147064209,4,1.0,0.0
broken,0,8,4.257450103759766,0.013333331793546677,0.0,0.011212468147277832,4.267480373382568,3,1.0,0.0
broken,0,9,3.706651449203491,0.125,0.0,0.015749454498291016,3.773876190185547,4,1.0,0.0
broken,0,10,3.575453519821167,0.1875,0.0,0.021768808364868164,3.675734043121338,4,1.0,0.0
broken,0,11,3.7033393383026123,0.009999998845160007,0.0,0.02434360980987549,3.7156424522399902,4,1.0,0.0
broken,0,12,4.422410011291504,0.25,0.0,0.026611804962158203,4.555393695831299,4,1.0,0.0
broken,0,13,3.212724447250366,0.19749999046325684,0.0,0.029650449752807617,3.3203694820404053,4,1.0,0.0
broken,0,14,3.9792628288269043,0.125,0.0,0.024747133255004883,4.049187183380127,4,1.0,0.0
broken,0,15,3.2403435707092285,0.0833333358168602,0.0,0.03190505504608154,3.291581869125366,3,1.0,0.0
broken,0,16,3.755436658859253,0.0833333358168602,0.0,0.032416343688964844,3.806828260421753,3,1.0,0.0
broken,0,17,4.011712551116943,0.125,0.0,0.031406402587890625,4.083634376525879,4,1.0,0.0
broken,0,18,2.4190433025360107,0.25,0.0,0.027796268463134766,2.552382230758667,2,1.0,0.0
broken,0,19,3.642893075942993,0.125,0.0,0.02631092071533203,3.7132863998413086,4,1.0,0.0
broken,0,20,3.704977512359619,0.1875,0.0,0.03076910972595215,3.8079581260681152,4,1.0,0.0
broken,0,21,3.446169137954712,0.25,0.0,0.03253316879272461,3.5809290409088135,4,1.0,0.0
broken,0,22,3.7907047271728516,0.07249999791383743,0.0,0.029580235481262207,3.8358287811279297,4,1.0,0.0
broken,0,23,3.5423450469970703,0.125,0.0,0.026221275329589844,3.6127114295959473,4,1.0,0.0
broken,0,24,3.737635850906372,0.07249999791383743,0.0,0.029108643531799316,3.782618522644043,4,1.0,0.0
broken,0,25,3.1729841232299805,0.09666666388511658,0.0,0.028023958206176758,3.229724645614624,3,1.0,0.0
broken,1,26,1.3848140239715576,0.18000000715255737,0.0,0.029766321182250977,1.4837439060211182,3,1.0,0.0
broken,1,27,1.6327908039093018,0.1875,0.0,0.02588486671447754,1.7343062162399292,4,1.0,0.0
broken,1,28,0.9404876232147217,0.019999997690320015,0.0,0.022867321968078613,0.9573478102684021,4,1.0,0.0
broken,1,29,0.9432640075683594,0.125,0.0,0.019634008407592773,1.011654257774353,4,0.75,0.0
broken,1,30,1.803215742111206,0.0,0.0625,0.017064809799194336,1.8395851850509644,4,0.25,0.0
broken,1,31,1.1674267053604126,0.0,0.0625,0.018648743629455566,1.2042713165283203,4,0.0,0.0
broken,1,32,1.3057266473770142,0.0,0.08500000089406967,0.01959860324859619,1.3541061878204346,4,0.0,0.0
broken,1,33,1.5020248889923096,0.0,0.0625,0.02117300033569336,1.5396268367767334,4,0.0,0.0
broken,1,34,0.9141020178794861,0.0,0.0833333358168602,0.026617050170898438,0.9637538194656372,3,0.25,0.0
broken,1,35,1.3709805011749268,0.0,0.030000001192092896,0.029500961303710938,1.3948308229446411,3,0.0,0.0
broken,1,36,0.9046029448509216,0.0,0.1875,0.03491091728210449,1.0088262557983398,4,0.0,0.0
broken,1,37,0.5241866707801819,0.0,0.0,0.032529592514038086,0.5339455604553223,2,0.0,0.0
broken,1,38,0.9262527227401733,0.0,0.0625,0.03430366516113281,0.9677938222885132,4,0.0,0.0
broken,1,39,1.1495347023010254,0.0,0.25,0.03458356857299805,1.284909725189209,3,0.25,0.0
broken,1,40,1.2508515119552612,0.0,0.0625,0.033847808837890625,1.2922558784484863,4,0.25,0.0
broken,1,41,1.1169229745864868,0.14499999582767487,0.0,0.03668403625488281,1.2004282474517822,4,1.0,0.0
broken,1,42,0.9257382750511169,0.1875,0.0,0.03898882865905762,1.0311849117279053,4,1.0,0.0
broken,1,43,1.4663676023483276,0.019999997690320015,0.0,0.03992891311645508,1.4883462190628052,4,1.0,0.0
broken,1,44,0.8087570667266846,0.0625,0.0,0.036900877952575684,0.8510773181915283,4,1.0,0.0
broken,1,45,1.821061372756958,0.07249999791383743,0.0,0.041043758392333984,1.8696244955062866,4,1.0,0.0
broken,1,46,1.7776581048965454,0.0,0.0,0.044306039810180664,1.7909499406814575,4,1.0,0.0
broken,1,47,1.1735740900039673,0.125,0.0,0.045034050941467285,1.2495843172073364,4,1.0,0.0
broken,1,48,1.4476797580718994,0.1875,0.0,0.04219961166381836,1.5540896654129028,4,1.0,0.0
broken,1,49,1.1745775938034058,0.1666666716337204,0.0,0.033634185791015625,1.2680011987686157,3,1.0,0.0
broken,1,50,1.5973790884017944,0.125,0.0,0.032355427742004395,1.6695857048034668,4,1.0,0.0
broken,1,51,1.3727108240127563,0.1666666716337204,0.0,0.03045797348022461,1.465181589126587,3,1.0,0.0
broken,2,52,0.6011590361595154,0.1875,0.0,0.028138160705566406,0.7033504843711853,4,1.0,0.0
broken,2,53,0.5442976951599121,0.0,0.08500000089406967,0.027780771255493164,0.5951319336891174,4,0.5,0.0
broken,2,54,0.3179851174354553,0.0,0.0625,0.027589082717895508,0.35751184821128845,4,0.25,0.0
broken,2,55,1.036029577255249,0.0,0.0625,0.03569662570953369,1.077988624572754,4,0.5,0.0
broken,2,56,0.41212594509124756,0.0,0.0625,0.03856706619262695,0.4549460709095001,4,0.25,0.0
broken,2,57,0.6717143654823303,0.0,0.0833333358168602,0.041806936264038086,0.7259231209754944,3,0.25,0.0
broken,2,58,0.26803097128868103,0.07249999791383743,0.0625,0.04438638687133789,0.3488468825817108,4,0.5,0.0
broken,2,59,2.047131299972534,0.0,0.0,0.04300642013549805,2.0600333213806152,2,0.5,0.0
broken,2,60,0.577049732208252,0.0,0.0,0.04068195819854736,0.5892543196678162,4,0.25,0.0
broken,2,61,0.48288795351982117,0.0,0.0625,0.039125800132751465,0.5258756875991821,4,0.0,0.0
broken,2,62,0.5307432413101196,0.009999998845160007,0.0,0.04423213005065918,0.5490128993988037,4,0.5,0.0
broken,2,63,0.7445933818817139,0.0,0.02250000089406967,0.04223132133483887,0.7685127854347229,4,0.25,0.0
broken,2,64,0.33098146319389343,0.0,0.0,0.04383552074432373,0.34413212537765503,4,0.0,0.0
broken,2,65,0.39309486746788025,0.0,0.0625,0.0444490909576416,0.43767958879470825,4,0.0,0.0
broken,2,66,0.42570799589157104,0.0,0.08500000089406967,0.045314908027648926,0.48180246353149414,4,0.0,0.0
broken,2,67,0.5318238735198975,0.0,0.125,0.05153083801269531,0.6097831130027771,4,0.0,0.0
broken,2,68,0.7752957344055176,0.0,0.25,0.047963619232177734,0.9146848320960999,3,0.25,0.0
broken,2,69,0.3775331377983093,0.0,0.08500000089406967,0.04194927215576172,0.4326179325580597,4,0.0,0.0
broken,2,70,0.36824530363082886,0.013333331793546677,0.0833333358168602,0.0321507453918457,0.42622387409210205,3,0.5,0.0
broken,2,71,0.6802465319633484,0.0625,0.0,0.028862714767456055,0.7201553583145142,4,0.5,0.0
broken,2,72,0.8260353207588196,0.18000000715255737,0.0,0.03563499450683594,0.9267258048057556,3,1.0,0.0
broken,2,73,0.7069570422172546,0.0625,0.0,0.05121910572052002,0.7535727620124817,4,1.0,0.0
broken,2,74,0.7012864351272583,0.07249999791383743,0.0,0.04711008071899414,0.7516694664955139,4,1.0,0.0
broken,2,75,0.6559526920318604,0.1666666716337204,0.0,0.009153604507446289,0.7420321106910706,3,1.0,0.0
broken,2,76,0.394753634929657,0.0625,0.0,0.028285980224609375,0.4344894289970398,4,1.0,0.0
broken,2,77,0.6262240409851074,0.013333331793546677,0.0,0.03840804100036621,0.6444131135940552,3,1.0,0.0
fixed,0,0,9.073551177978516,0.003164042951539159,0.08384862542152405,1.1920928955078125e-07,9.117057800292969,4,1.0,7.292712211608887
fixed,0,1,3.6755318641662598,0.012116906233131886,0.04455311596393585,0.0034369230270385742,3.704897880554199,3,1.0,2.4787163734436035
fixed,0,2,5.400798797607422,0.009253790602087975,0.03892584517598152,0.004728078842163086,5.426307201385498,4,1.0,2.5789880752563477
fixed,0,3,4.297030448913574,0.009311137720942497,0.06533294916152954,0.005412578582763672,4.3359761238098145,4,0.0,4.135655403137207
fixed,0,4,3.8364815711975098,0.009499049745500088,0.0389096736907959,0.007213592529296875,3.8628499507904053,4,0.0,2.2625818252563477
fixed,0,5,5.705570697784424,0.004386029671877623,0.09919857233762741,0.0068471431732177734,5.7594170570373535,4,0.0,8.615291595458984
fixed,0,6,3.7545511722564697,0.014974353834986687,0.03192610666155815,0.009915351867675781,3.7809760570526123,4,0.0,1.2303335666656494
fixed,0,7,4.195052146911621,0.015106350183486938,0.006435532588511705,0.012601971626281738,4.209603786468506,4,0.0,2.4791152477264404
fixed,0,8,3.521136522293091,0.018271835520863533,0.0,0.013108968734741211,3.534205198287964,3,0.0,4.890433311462402
fixed,0,9,3.868433713912964,0.007720130030065775,0.07031412422657013,0.013062715530395508,3.911369562149048,4,0.0,4.567837715148926
fixed,0,10,3.129439115524292,0.0,0.0868334025144577,0.01637566089630127,3.1777684688568115,2,0.0,9.776856422424316
fixed,0,11,5.698220729827881,0.01037413626909256,0.03702028468251228,0.015353798866271973,5.7265238761901855,4,0.0,0.5754126906394958
fixed,0,12,3.7954251766204834,0.009129018522799015,0.011461346410214901,0.016350507736206055,3.8106255531311035,3,0.0,0.6880701184272766
fixed,0,13,3.9298505783081055,0.006005344912409782,0.07541292905807495,0.01671731472015381,3.9755749702453613,4,0.0,5.243043422698975
fixed,0,14,4.262969970703125,0.0,0.1502579301595688,0.018353581428527832,4.343605041503906,4,0.0,14.6505765914917
fixed,0,15,4.1981120109558105,0.0031538757029920816,0.0780651643872261,0.020900368690490723,4.244991779327393,4,0.0,7.491524696350098
fixed,0,16,3.493211030960083,0.004284472670406103,0.07371688634157181,0.023076891899108887,3.5391347408294678,4,0.0,7.238074779510498
fixed,0,17,3.565871477127075,0.016107702627778053,0.030199745669960976,0.02693939208984375,3.59710693359375,4,0.0,1.049062967300415
fixed,0,18,3.738682270050049,0.012505768798291683,0.05803794413805008,0.033472299575805664,3.7839958667755127,4,0.0,3.3876914978027344
fixed,0,19,3.545038938522339,0.01957332342863083,0.028260424733161926,0.03577566146850586,3.579688549041748,4,0.0,1.4123581647872925
fixed,0,20,3.2494418621063232,0.01750676892697811,0.03787744417786598,0.03644835948944092,3.2880685329437256,3,0.0,0.6350510716438293
fixed,0,21,3.6751153469085693,0.006463751196861267,0.06321775913238525,0.03601264953613281,3.720759868621826,4,0.0,6.191586971282959
fixed,0,22,2.280906915664673,0.00859048031270504,0.044176530092954636,0.03641533851623535,2.3182151317596436,3,0.0,3.9119513034820557
fixed,0,23,3.2153992652893066,0.017335541546344757,0.03811788931488991,0.03582501411437988,3.253873586654663,3,0.25,0.5418453812599182
fixed,0,24,3.972041368484497,0.012398229911923409,0.0572332963347435,0.031043529510498047,4.016170024871826,4,1.0,3.483602523803711
fixed,0,25,4.24943208694458,0.010926775634288788,0.059018682688474655,0.02612459659576416,4.292242050170898,4,1.0,3.7533905506134033
fixed,1,26,1.0582932233810425,0.005863006692379713,0.09246350079774857,0.0249481201171875,1.114940881729126,4,1.0,8.823273658752441
fixed,1,27,1.3690025806427002,0.018344175070524216,0.02878916822373867,0.02971506118774414,1.4014837741851807,4,1.0,1.2993215322494507
fixed,1,28,1.5198426246643066,0.006468985229730606,0.040489938110113144,0.03091287612915039,1.5525959730148315,4,1.0,4.614686489105225
fixed,1,29,1.4066436290740967,0.016256088390946388,0.03835674747824669,0.031298041343688965,1.443339467048645,3,1.0,0.5590390563011169
fixed,1,30,0.9819007515907288,0.016914665699005127,0.038018155843019485,0.03278756141662598,1.0192034244537354,3,1.0,0.3921501338481903
fixed,1,31,1.1800414323806763,0.008725124411284924,0.07536482065916061,0.03397798538208008,1.2322797775268555,3,1.0,6.406107425689697
fixed,1,32,1.5703531503677368,0.01793620176613331,0.037732768803834915,0.035565853118896484,1.6088573932647705,3,1.0,0.4219067096710205
fixed,1,33,0.9579405188560486,0.0216347835958004,0.003857249394059181,0.04162788391113281,0.9831749200820923,4,1.0,3.5078845024108887
fixed,1,34,1.0265889167785645,0.013737818226218224,0.05496286228299141,0.0404125452041626,1.0730630159378052,4,1.0,2.9575037956237793
fixed,1,35,1.3266314268112183,0.013239111751317978,0.03152493014931679,0.04130351543426514,1.361404538154602,4,1.0,1.2749384641647339
fixed,1,36,1.4929035902023315,0.019421350210905075,0.028727803379297256,0.0396580696105957,1.5288755893707275,4,0.0,1.278752088546753
fixed,1,37,1.1413944959640503,0.0,0.11569017171859741,0.04150748252868652,1.2116918563842773,3,0.0,11.794590950012207
fixed,1,38,1.4361521005630493,0.006095322780311108,0.0372794046998024,0.04433238506317139,1.4711391925811768,4,0.0,3.8942692279815674
fixed,1,39,1.0249439477920532,0.013966887257993221,0.05431481450796127,0.04543924331665039,1.0727165937423706,4,0.0,2.75449275970459
fixed,1,40,0.7714759111404419,0.030353249981999397,0.0,0.045856595039367676,0.8004094958305359,4,0.75,5.940052032470703
fixed,1,41,0.9688677191734314,0.007143158931285143,0.07787872850894928,0.04600512981414795,1.0251802206039429,4,0.5,6.710111141204834
fixed,1,42,1.3988147974014282,0.007388809230178595,0.05534568428993225,0.045703887939453125,1.4438931941986084,4,0.75,4.965498924255371
fixed,1,43,1.3121939897537231,0.020707862451672554,0.03329078108072281,0.04308509826660156,1.3521188497543335,3,1.0,0.6949212551116943
fixed,1,44,1.2042872905731201,0.02075560949742794,0.03462520241737366,0.039519309997558594,1.2438335418701172,3,1.0,0.4085792899131775
fixed,1,45,1.255109429359436,0.029372356832027435,0.0,0.03266119956970215,1.2795939445495605,3,1.0,5.992221832275391
fixed,1,46,1.6143041849136353,0.012710364535450935,0.05916067212820053,0.024025440216064453,1.657447338104248,4,1.0,3.3499317169189453
fixed,1,47,1.1386691331863403,0.011426247656345367,0.03569440916180611,0.02202153205871582,1.1688358783721924,4,1.0,1.7606635093688965
fixed,1,48,1.078933596611023,0.005280207376927137,0.0894002616405487,0.02277994155883789,1.1331077814102173,4,0.75,8.00621223449707
fixed,1,49,1.7250696420669556,0.0057729436084628105,0.061004407703876495,0.028342366218566895,1.7669609785079956,4,1.0,5.9153523445129395
fixed,1,50,1.0965659618377686,0.012803706340491772,0.029885388910770416,0.033728599548339844,1.1280291080474854,4,1.0,1.1607236862182617
fixed,1,51,1.4505951404571533,0.014060689136385918,0.05224256217479706,0.037157654762268066,1.494894027709961,4,1.0,2.720205783843994
fixed,2,52,0.5164878368377686,0.007889502681791782,0.07688753306865692,0.04294383525848389,0.5717595219612122,4,1.0,6.8647332191467285
fixed,2,53,0.5831754207611084,0.017858760431408882,0.028366144746541977,0.05046558380126953,0.6214275360107422,4,1.0,0.5930377244949341
fixed,2,54,0.6196759343147278,0.02062579058110714,0.0043369196355342865,0.0640329122543335,0.6513671875,2,1.0,1.8722195625305176
fixed,2,55,0.8276090025901794,0.009851849637925625,0.04581538215279579,0.06013631820678711,0.8734835386276245,4,1.0,4.135830402374268
fixed,2,56,0.3618625998497009,0.039717644453048706,0.0,0.0544891357421875,0.3980681598186493,4,1.0,6.770662307739258
fixed,2,57,1.950040578842163,0.035926345735788345,0.0,0.045704007148742676,1.9817149639129639,3,1.0,6.453116416931152
fixed,2,58,0.6532618999481201,0.007716994732618332,0.07667515426874161,0.03831338882446289,0.7069519758224487,4,1.0,6.658383846282959
fixed,2,59,0.5348482728004456,0.006391741335391998,0.058820102363824844,0.031017780303955078,0.5767595171928406,4,0.75,5.4137091636657715
fixed,2,60,0.412281334400177,0.005722842179238796,0.08389294147491455,0.027204394340515137,0.46525055170059204,4,0.5,7.3716721534729
fixed,2,61,0.689041256904602,0.011905726045370102,0.060464225709438324,0.023059487342834473,0.7321440577507019,4,0.0,3.414767026901245
fixed,2,62,0.5045739412307739,0.011971989646553993,0.05889402702450752,0.024568557739257812,0.5473775267601013,4,1.0,3.3310585021972656
fixed,2,63,0.7040274739265442,0.025377824902534485,0.0,0.028586745262145996,0.7252923846244812,4,1.0,5.65789794921875
fixed,2,64,0.2966316044330597,0.0,0.11726778745651245,0.03078770637512207,0.36450180411338806,3,0.5,12.199309349060059
fixed,2,65,0.7164140939712524,0.012584025040268898,0.029689615592360497,0.03879404067993164,0.7491891384124756,4,1.0,1.1437841653823853
fixed,2,66,0.992609441280365,0.01860244944691658,0.03330448269844055,0.04355740547180176,1.0316301584243774,3,1.0,0.5765140056610107
fixed,2,67,0.3900705873966217,0.015199391171336174,0.02693626657128334,0.05311918258666992,0.4270741641521454,4,1.0,0.6921935081481934
fixed,2,68,1.370169997215271,0.022887133061885834,0.023783041164278984,0.05250048637390137,1.4092552661895752,4,1.0,1.9742588996887207
fixed,2,69,0.783735990524292,0.0,0.07831382006406784,0.05645620822906494,0.8398297429084778,4,1.0,9.254485130310059
fixed,2,70,0.922141432762146,0.021954383701086044,0.026285044848918915,0.04839825630187988,0.9607806205749512,4,1.0,1.694739818572998
fixed,2,71,0.5477330088615417,0.021982479840517044,0.0040721711702644825,0.04771840572357178,0.5750758647918701,4,1.0,3.3260157108306885
fixed,2,72,0.6861934065818787,0.02726089581847191,0.0,0.04337787628173828,0.7128372192382812,4,0.25,5.596984386444092
fixed,2,73,0.878138542175293,0.0060528479516506195,0.04617514833807945,0.0395352840423584,0.9161131381988525,3,0.0,4.0490217208862305
fixed,2,74,0.4343293011188507,0.0,0.13249532878398895,0.0380779504776001,0.512000322341919,3,0.0,12.016748428344727
fixed,2,75,0.38154956698417664,0.005218490958213806,0.08810357004404068,0.035150766372680664,0.4387558400630951,3,0.0,6.536201477050781
fixed,2,76,0.4839189946651459,0.016157470643520355,0.02728317119181156,0.03573453426361084,0.5163596868515015,4,0.0,1.0154812335968018
fixed,2,77,0.5432130098342896,0.0051169563084840775,0.057040341198444366,0.04348909854888916,0.587338387966156,4,0.0,5.2249226570129395
